Workbook

Sheet Auteur
C1: Saison #25 - Troisième série de Questionnaires
B2: Numéro de Questionnaire
B3: Date de création :
B4: Auteur(s) :
B5: Équipe de(s) l’auteur(s) :
B6: Date des parties :
B7: Partie 1
B8: Partie 2
C10: Série 1 | D10: Langue
C11: Individuelle
C12: Rédiger 8 questions de niveaux faciles et constants.
B13: Équipe A
A14: 1 | B14: 1
A15: 1 | B15: 2
A16: 1 | B16: 3
A17: 1 | B17: 4
B18: Équipe B
A19: 1 | B19: 5
A20: 1 | B20: 6
A21: 1 | B21: 7
A22: 1 | B22: 8
C24: Série 2 | D24: Géographie
C25: Collective
C26: Les 5 questions doivent couvrir l'ensemble du thème. Varier les sujets, formulations, longueurs, difficultés, etc.
A27: 1 à 3 | B27: 1
A28: 1 à 3 | B28: 2
A29: 1 à 3 | B29: 3
A30: 1 à 3 | B30: 4
A31: 1 à 3 | B31: 5
C33: Série 3 | D33: Arts et médias
C34: Collective
C35: Les 5 questions doivent couvrir l'ensemble des thèmes. Varier les sujets, formulations, longueurs, difficultés, etc.
A36: 1 à 3 | B36: 1
A37: 1 à 3 | B37: 2
A38: 1 à 3 | B38: 3
A39: 1 à 3 | B39: 4
A40: 1 à 3 | B40: 5
C42: Série 4 | D42: Histoire et société
C43: Collective
C44: Au moins 2 questions dans chacun des thèmes.
A45: 1 à 3 | B45: 1
A46: 1 à 3 | B46: 2
A47: 1 à 3 | B47: 3
A48: 1 à 3 | B48: 4
A49: 1 à 3 | B49: 5
C51: Série 5 | D51: Une année, décennie ou siècle
C52: Contrôle
C53: Choisir une année (décennie ou siècle pour les époques plus anciennes) et poser 5 questions relatives à cette période. Les questions doivent être diversifiées, sports, politiques, arts, etc. La première question vaut 5 points.
A54: 1 ou 2 | B54: 1
A55: 2 ou 3 | B55: 2
A56: 2 ou 3 | B56: 3
A57: 2 ou 3 | B57: 4
A58: 2 ou 3 | B58: 5
C60: Série 6 | D60: -- Choisir un thème --
C61: Les 4 V
C62: Une bonne réponse élimine le joueur pour la série. Si tous les joueurs d'une équipe ont une bonne réponse, la série se poursuit en collectives pour 5 points.
A64: 1 | B64: 1
A65: 1 | B65: 2
A66: 1 | B66: 3
A67: 1 | B67: 4
A68: 1 | B68: 5
A69: 1 | B69: 6
A70: 1 | B70: 7
A71: 1 | B71: 8
C73: Série 7 | D73: Langues et littérature
C74: Collective
C75: Au moins 2 questions dans chacun des thèmes.
A76: 1 à 3 | B76: 1
A77: 1 à 3 | B77: 2
A78: 1 à 3 | B78: 3
A79: 1 à 3 | B79: 4
A80: 1 à 3 | B80: 5
C82: Série 8 | D82: Sports et loisirs
C83: Collective
C84: Au moins 2 questions dans chacun des thèmes.
A85: 1 à 3 | B85: 1
A86: 1 à 3 | B86: 2
A87: 1 à 3 | B87: 3
A88: 1 à 3 | B88: 4
A89: 1 à 3 | B89: 5
C91: Série 9 | D91: -- Choisir un thème --
C92: Question à indice
C93: Dès le 1er indice, il ne doit pas y avoir plusieurs réponses possibles. Le premier indice devrait être très difficile!
A94: 3 | B94: 1
A95: 2 | B95: 2
A96: 1 | B96: 3
C98: Série 10 | D98: -- Choisir un thème --
C99: Vis-à-vis
C100: Il est normal que ces 4 questions soient parmi les plus faciles du questionnaire
A101: 1 | B101: 1
A102: 1 | B102: 2
A103: 1 | B103: 3
A104: 1 | B104: 4
C106: Série 11 | D106: Musique
C107: Collective
C108: Les 5 questions doivent couvrir l'ensemble du thème. Varier les sujets, formulations, longueurs, difficultés, etc.
A109: 1 à 3 | B109: 1
A110: 1 à 3 | B110: 2
A111: 1 à 3 | B111: 3
A112: 1 à 3 | B112: 4
...

Sheet Vers BD
A1: tblThèmes
A2: NoQuestionnaire | B2: NoSérie | C2: Thème | D2: SousThème
A3: =Auteur!$D$2 -> 0 | B3: 1 | C3: =INDIRECT(Adresses!C9) -> Langue | D3: =IF(INDIRECT(Adresses!E9)<>0,INDIRECT(Adresses!E9),"")
A4: =Auteur!$D$2 -> 0 | B4: =B3+1 -> 2 | C4: =INDIRECT(Adresses!C17) -> Géographie | D4: =IF(INDIRECT(Adresses!E17)<>0,INDIRECT(Adresses!E17),"")
A5: =Auteur!$D$2 -> 0 | B5: =B4+1 -> 3 | C5: =INDIRECT(Adresses!C22) -> Arts et médias | D5: =IF(INDIRECT(Adresses!E22)<>0,INDIRECT(Adresses!E22),"")
A6: =Auteur!$D$2 -> 0 | B6: =B5+1 -> 4 | C6: =INDIRECT(Adresses!C27) -> Histoire et société | D6: =IF(INDIRECT(Adresses!E27)<>0,INDIRECT(Adresses!E27),"")
A7: =Auteur!$D$2 -> 0 | B7: =B6+1 -> 5 | C7: =INDIRECT(Adresses!C32) -> Une année, décennie ou siècle | D7: =IF(INDIRECT(Adresses!E32)<>0,INDIRECT(Adresses!E32),"")
A8: =Auteur!$D$2 -> 0 | B8: =B7+1 -> 6 | C8: =INDIRECT(Adresses!C37) -> -- Choisir un thème -- | D8: =IF(INDIRECT(Adresses!E37)<>0,INDIRECT(Adresses!E37),"")
A9: =Auteur!$D$2 -> 0 | B9: =B8+1 -> 7 | C9: =INDIRECT(Adresses!C45) -> Langues et littérature | D9: =IF(INDIRECT(Adresses!E45)<>0,INDIRECT(Adresses!E45),"")
A10: =Auteur!$D$2 -> 0 | B10: =B9+1 -> 8 | C10: =INDIRECT(Adresses!C50) -> Sports et loisirs | D10: =IF(INDIRECT(Adresses!E50)<>0,INDIRECT(Adresses!E50),"")
A11: =Auteur!$D$2 -> 0 | B11: =B10+1 -> 9 | C11: =INDIRECT(Adresses!C55) -> -- Choisir un thème -- | D11: =IF(INDIRECT(Adresses!E17)<>0,INDIRECT(Adresses!E17),"")
A12: =Auteur!$D$2 -> 0 | B12: =B11+1 -> 10 | C12: =INDIRECT(Adresses!C58) -> -- Choisir un thème -- | D12: =IF(INDIRECT(Adresses!E58)<>0,INDIRECT(Adresses!E58),"")
A13: =Auteur!$D$2 -> 0 | B13: =B12+1 -> 11 | C13: =INDIRECT(Adresses!C62) -> Musique | D13: =IF(INDIRECT(Adresses!E62)<>0,INDIRECT(Adresses!E62),"")
A14: =Auteur!$D$2 -> 0 | B14: =B13+1 -> 12 | C14: =INDIRECT(Adresses!C67) -> Sciences | D14: =IF(INDIRECT(Adresses!E67)<>0,INDIRECT(Adresses!E67),"")
A15: =Auteur!$D$2 -> 0 | B15: =B14+1 -> 13 | C15: =INDIRECT(Adresses!C72) -> Libre | D15: =IF(INDIRECT(Adresses!E72)<>0,INDIRECT(Adresses!E72),"") -> Saisir sous-thème 1 ici / Saisir sous-thème 2 ici
A16: =Auteur!$D$2 -> 0 | B16: =B15+1 -> 14 | C16: =INDIRECT(Adresses!C80) -> Divers | D16: =IF(INDIRECT(Adresses!E80)<>0,INDIRECT(Adresses!E80),"")
A17: =Auteur!$D$2 -> 0 | B17: =B16+1 -> 15 | C17: =INDIRECT(Adresses!C90) -> Actualité | D17: =IF(INDIRECT(Adresses!E90)<>0,INDIRECT(Adresses!E90),"")
A18: =Auteur!$D$2 -> 0 | B18: =B17+1 -> 16 | C18: =INDIRECT(Adresses!C91) -> Divers | D18: =IF(INDIRECT(Adresses!E91)<>0,INDIRECT(Adresses!E91),"")
A20: tblQuestionnaires
A21: NoQuestionnaire | B21: NoSérie | C21: NoQuestion | D21: TexteQuestion | E21: Réponse
A22: =Auteur!$D$2 -> 0 | B22: 1 | C22: =Auteur!B14 -> 1 | D22: =INDIRECT(Adresses!G9) -> 0 | E22: =INDIRECT(Adresses!H9) -> 0
A23: =Auteur!$D$2 -> 0 | B23: 1 | C23: =Auteur!B15 -> 2 | D23: =INDIRECT(Adresses!G10) -> 0 | E23: =INDIRECT(Adresses!H10) -> 0
A24: =Auteur!$D$2 -> 0 | B24: 1 | C24: =Auteur!B16 -> 3 | D24: =INDIRECT(Adresses!G11) -> 0 | E24: =INDIRECT(Adresses!H11) -> 0
A25: =Auteur!$D$2 -> 0 | B25: 1 | C25: =Auteur!B17 -> 4 | D25: =INDIRECT(Adresses!G12) -> 0 | E25: =INDIRECT(Adresses!H12) -> 0
A26: =Auteur!$D$2 -> 0 | B26: 1 | C26: =Auteur!B19 -> 5 | D26: =INDIRECT(Adresses!G13) -> 0 | E26: =INDIRECT(Adresses!H13) -> 0
A27: =Auteur!$D$2 -> 0 | B27: 1 | C27: =Auteur!B20 -> 6 | D27: =INDIRECT(Adresses!G14) -> 0 | E27: =INDIRECT(Adresses!H14) -> 0
A28: =Auteur!$D$2 -> 0 | B28: 1 | C28: =Auteur!B21 -> 7 | D28: =INDIRECT(Adresses!G15) -> 0 | E28: =INDIRECT(Adresses!H15) -> 0
A29: =Auteur!$D$2 -> 0 | B29: 1 | C29: =Auteur!B22 -> 8 | D29: =INDIRECT(Adresses!G16) -> 0 | E29: =INDIRECT(Adresses!H16) -> 0
A30: =Auteur!$D$2 -> 0 | B30: 2 | C30: =Auteur!B27 -> 1 | D30: =INDIRECT(Adresses!G17) -> 0 | E30: =INDIRECT(Adresses!H17) -> 0
A31: =Auteur!$D$2 -> 0 | B31: 2 | C31: =Auteur!B28 -> 2 | D31: =INDIRECT(Adresses!G18) -> 0 | E31: =INDIRECT(Adresses!H18) -> 0
A32: =Auteur!$D$2 -> 0 | B32: 2 | C32: =Auteur!B29 -> 3 | D32: =INDIRECT(Adresses!G19) -> 0 | E32: =INDIRECT(Adresses!H19) -> 0
A33: =Auteur!$D$2 -> 0 | B33: 2 | C33: =Auteur!B30 -> 4 | D33: =INDIRECT(Adresses!G20) -> 0 | E33: =INDIRECT(Adresses!H20) -> 0
A34: =Auteur!$D$2 -> 0 | B34: 2 | C34: =Auteur!B31 -> 5 | D34: =INDIRECT(Adresses!G21) -> 0 | E34: =INDIRECT(Adresses!H21) -> 0
A35: =Auteur!$D$2 -> 0 | B35: 3 | C35: =Auteur!B36 -> 1 | D35: =INDIRECT(Adresses!G22) -> 0 | E35: =INDIRECT(Adresses!H22) -> 0
A36: =Auteur!$D$2 -> 0 | B36: 3 | C36: =Auteur!B37 -> 2 | D36: =INDIRECT(Adresses!G23) -> 0 | E36: =INDIRECT(Adresses!H23) -> 0
A37: =Auteur!$D$2 -> 0 | B37: 3 | C37: =Auteur!B38 -> 3 | D37: =INDIRECT(Adresses!G24) -> 0 | E37: =INDIRECT(Adresses!H24) -> 0
A38: =Auteur!$D$2 -> 0 | B38: 3 | C38: =Auteur!B39 -> 4 | D38: =INDIRECT(Adresses!G25) -> 0 | E38: =INDIRECT(Adresses!H25) -> 0
A39: =Auteur!$D$2 -> 0 | B39: 3 | C39: =Auteur!B40 -> 5 | D39: =INDIRECT(Adresses!G26) -> 0 | E39: =INDIRECT(Adresses!H26) -> 0
A40: =Auteur!$D$2 -> 0 | B40: 4 | C40: =Auteur!B45 -> 1 | D40: =INDIRECT(Adresses!G27) -> 0 | E40: =INDIRECT(Adresses!H27) -> 0
A41: =Auteur!$D$2 -> 0 | B41: 4 | C41: =Auteur!B46 -> 2 | D41: =INDIRECT(Adresses!G28) -> 0 | E41: =INDIRECT(Adresses!H28) -> 0
A42: =Auteur!$D$2 -> 0 | B42: 4 | C42: =Auteur!B47 -> 3 | D42: =INDIRECT(Adresses!G29) -> 0 | E42: =INDIRECT(Adresses!H29) -> 0
A43: =Auteur!$D$2 -> 0 | B43: 4 | C43: =Auteur!B48 -> 4 | D43: =INDIRECT(Adresses!G30) -> 0 | E43: =INDIRECT(Adresses!H30) -> 0
A44: =Auteur!$D$2 -> 0 | B44: 4 | C44: =Auteur!B49 -> 5 | D44: =INDIRECT(Adresses!G31) -> 0 | E44: =INDIRECT(Adresses!H31) -> 0
A45: =Auteur!$D$2 -> 0 | B45: 5 | C45: =Auteur!B54 -> 1 | D45: =INDIRECT(Adresses!G32) -> 0 | E45: =INDIRECT(Adresses!H32) -> 0
A46: =Auteur!$D$2 -> 0 | B46: 5 | C46: =Auteur!B55 -> 2 | D46: =INDIRECT(Adresses!G33) -> 0 | E46: =INDIRECT(Adresses!H33) -> 0
A47: =Auteur!$D$2 -> 0 | B47: 5 | C47: =Auteur!B56 -> 3 | D47: =INDIRECT(Adresses!G34) -> 0 | E47: =INDIRECT(Adresses!H34) -> 0
A48: =Auteur!$D$2 -> 0 | B48: 5 | C48: =Auteur!B57 -> 4 | D48: =INDIRECT(Adresses!G35) -> 0 | E48: =INDIRECT(Adresses!H35) -> 0
A49: =Auteur!$D$2 -> 0 | B49: 5 | C49: =Auteur!B58 -> 5 | D49: =INDIRECT(Adresses!G36) -> 0 | E49: =INDIRECT(Adresses!H36) -> 0
A50: =Auteur!$D$2 -> 0 | B50: 6 | C50: =Auteur!B64 -> 1 | D50: =INDIRECT(Adresses!G37) -> 0 | E50: =INDIRECT(Adresses!H37) -> 0
A51: =Auteur!$D$2 -> 0 | B51: 6 | C51: =Auteur!B65 -> 2 | D51: =INDIRECT(Adresses!G38) -> 0 | E51: =INDIRECT(Adresses!H38) -> 0
A52: =Auteur!$D$2 -> 0 | B52: 6 | C52: =Auteur!B66 -> 3 | D52: =INDIRECT(Adresses!G39) -> 0 | E52: =INDIRECT(Adresses!H39) -> 0
A53: =Auteur!$D$2 -> 0 | B53: 6 | C53: =Auteur!B67 -> 4 | D53: =INDIRECT(Adresses!G40) -> 0 | E53: =INDIRECT(Adresses!H40) -> 0
A54: =Auteur!$D$2 -> 0 | B54: 6 | C54: =Auteur!B68 -> 5 | D54: =INDIRECT(Adresses!G41) -> 0 | E54: =INDIRECT(Adresses!H41) -> 0
A55: =Auteur!$D$2 -> 0 | B55: 6 | C55: =Auteur!B69 -> 6 | D55: =INDIRECT(Adresses!G42) -> 0 | E55: =INDIRECT(Adresses!H42) -> 0
A56: =Auteur!$D$2 -> 0 | B56: 6 | C56: =Auteur!B70 -> 7 | D56: =INDIRECT(Adresses!G43) -> 0 | E56: =INDIRECT(Adresses!H43) -> 0
A57: =Auteur!$D$2 -> 0 | B57: 6 | C57: =Auteur!B71 -> 8 | D57: =INDIRECT(Adresses!G44) -> 0 | E57: =INDIRECT(Adresses!H44) -> 0
A58: =Auteur!$D$2 -> 0 | B58: 7 | C58: =Auteur!B76 -> 1 | D58: =INDIRECT(Adresses!G45) -> 0 | E58: =INDIRECT(Adresses!H45) -> 0
A59: =Auteur!$D$2 -> 0 | B59: 7 | C59: =Auteur!B77 -> 2 | D59: =INDIRECT(Adresses!G46) -> 0 | E59: =INDIRECT(Adresses!H46) -> 0
A60: =Auteur!$D$2 -> 0 | B60: 7 | C60: =Auteur!B78 -> 3 | D60: =INDIRECT(Adresses!G47) -> 0 | E60: =INDIRECT(Adresses!H47) -> 0
A61: =Auteur!$D$2 -> 0 | B61: 7 | C61: =Auteur!B79 -> 4 | D61: =INDIRECT(Adresses!G48) -> 0 | E61: =INDIRECT(Adresses!H48) -> 0
A62: =Auteur!$D$2 -> 0 | B62: 7 | C62: =Auteur!B80 -> 5 | D62: =INDIRECT(Adresses!G49) -> 0 | E62: =INDIRECT(Adresses!H49) -> 0
A63: =Auteur!$D$2 -> 0 | B63: 8 | C63: =Auteur!B85 -> 1 | D63: =INDIRECT(Adresses!G50) -> 0 | E63: =INDIRECT(Adresses!H50) -> 0
A64: =Auteur!$D$2 -> 0 | B64: 8 | C64: =Auteur!B86 -> 2 | D64: =INDIRECT(Adresses!G51) -> 0 | E64: =INDIRECT(Adresses!H51) -> 0
A65: =Auteur!$D$2 -> 0 | B65: 8 | C65: =Auteur!B87 -> 3 | D65: =INDIRECT(Adresses!G52) -> 0 | E65: =INDIRECT(Adresses!H52) -> 0
A66: =Auteur!$D$2 -> 0 | B66: 8 | C66: =Auteur!B88 -> 4 | D66: =INDIRECT(Adresses!G53) -> 0 | E66: =INDIRECT(Adresses!H53) -> 0
A67: =Auteur!$D$2 -> 0 | B67: 8 | C67: =Auteur!B89 -> 5 | D67: =INDIRECT(Adresses!G54) -> 0 | E67: =INDIRECT(Adresses!H54) -> 0
A68: =Auteur!$D$2 -> 0 | B68: 9 | C68: =Auteur!B94 -> 1 | D68: =INDIRECT(Adresses!G55) -> 0 | E68: =INDIRECT(Adresses!H55) -> 0
A69: =Auteur!$D$2 -> 0 | B69: 9 | C69: =Auteur!B95 -> 2 | D69: =INDIRECT(Adresses!G56) -> 0 | E69: =INDIRECT(Adresses!H56) -> 0
A70: =Auteur!$D$2 -> 0 | B70: 9 | C70: =Auteur!B96 -> 3 | D70: =INDIRECT(Adresses!G57) -> 0 | E70: =INDIRECT(Adresses!H57) -> 0
A71: =Auteur!$D$2 -> 0 | B71: 10 | C71: =Auteur!B101 -> 1 | D71: =INDIRECT(Adresses!G58) -> 0 | E71: =INDIRECT(Adresses!H58) -> 0
A72: =Auteur!$D$2 -> 0 | B72: 10 | C72: =Auteur!B102 -> 2 | D72: =INDIRECT(Adresses!G59) -> 0 | E72: =INDIRECT(Adresses!H59) -> 0
A73: =Auteur!$D$2 -> 0 | B73: 10 | C73: =Auteur!B103 -> 3 | D73: =INDIRECT(Adresses!G60) -> 0 | E73: =INDIRECT(Adresses!H60) -> 0
A74: =Auteur!$D$2 -> 0 | B74: 10 | C74: =Auteur!B104 -> 4 | D74: =INDIRECT(Adresses!G61) -> 0 | E74: =INDIRECT(Adresses!H61) -> 0
A75: =Auteur!$D$2 -> 0 | B75: 11 | C75: =Auteur!B109 -> 1 | D75: =INDIRECT(Adresses!G62) -> 0 | E75: =INDIRECT(Adresses!H62) -> 0
A76: =Auteur!$D$2 -> 0 | B76: 11 | C76: =Auteur!B110 -> 2 | D76: =INDIRECT(Adresses!G63) -> 0 | E76: =INDIRECT(Adresses!H63) -> 0
A77: =Auteur!$D$2 -> 0 | B77: 11 | C77: =Auteur!B111 -> 3 | D77: =INDIRECT(Adresses!G64) -> 0 | E77: =INDIRECT(Adresses!H64) -> 0
A78: =Auteur!$D$2 -> 0 | B78: 11 | C78: =Auteur!B112 -> 4 | D78: =INDIRECT(Adresses!G65) -> 0 | E78: =INDIRECT(Adresses!H65) -> 0
A79: =Auteur!$D$2 -> 0 | B79: 11 | C79: =Auteur!B113 -> 5 | D79: =INDIRECT(Adresses!G66) -> 0 | E79: =INDIRECT(Adresses!H66) -> 0
A80: =Auteur!$D$2 -> 0 | B80: 12 | C80: =Auteur!B118 -> 1 | D80: =INDIRECT(Adresses!G67) -> 0 | E80: =INDIRECT(Adresses!H67) -> 0
A81: =Auteur!$D$2 -> 0 | B81: 12 | C81: =Auteur!B119 -> 2 | D81: =INDIRECT(Adresses!G68) -> 0 | E81: =INDIRECT(Adresses!H68) -> 0
A82: =Auteur!$D$2 -> 0 | B82: 12 | C82: =Auteur!B120 -> 3 | D82: =INDIRECT(Adresses!G69) -> 0 | E82: =INDIRECT(Adresses!H69) -> 0
A83: =Auteur!$D$2 -> 0 | B83: 12 | C83: =Auteur!B121 -> 4 | D83: =INDIRECT(Adresses!G70) -> 0 | E83: =INDIRECT(Adresses!H70) -> 0
A84: =Auteur!$D$2 -> 0 | B84: 12 | C84: =Auteur!B122 -> 5 | D84: =INDIRECT(Adresses!G71) -> 0 | E84: =INDIRECT(Adresses!H71) -> 0
A85: =Auteur!$D$2 -> 0 | B85: 13 | C85: Q1 | D85: =Auteur!C129 -> Saisir question thème 1 ici
A86: =Auteur!$D$2 -> 0 | B86: 13 | C86: =Auteur!B130 -> 1 | D86: =INDIRECT(Adresses!G72) -> 0 | E86: =INDIRECT(Adresses!H72) -> 0
A87: =Auteur!$D$2 -> 0 | B87: 13 | C87: =Auteur!B131 -> 2 | D87: =INDIRECT(Adresses!G73) -> 0 | E87: =INDIRECT(Adresses!H73) -> 0
A88: =Auteur!$D$2 -> 0 | B88: 13 | C88: =Auteur!B132 -> 3 | D88: =INDIRECT(Adresses!G74) -> 0 | E88: =INDIRECT(Adresses!H74) -> 0
A89: =Auteur!$D$2 -> 0 | B89: 13 | C89: =Auteur!B133 -> 4 | D89: =INDIRECT(Adresses!G75) -> 0 | E89: =INDIRECT(Adresses!H75) -> 0
A90: =Auteur!$D$2 -> 0 | B90: 13 | C90: Q2 | D90: =Auteur!C140 -> Saisir question thème 2 ici
A91: =Auteur!$D$2 -> 0 | B91: 13 | C91: 5 | D91: =INDIRECT(Adresses!G76) -> 0 | E91: =INDIRECT(Adresses!H76) -> 0
A92: =Auteur!$D$2 -> 0 | B92: 13 | C92: 6 | D92: =INDIRECT(Adresses!G77) -> 0 | E92: =INDIRECT(Adresses!H77) -> 0
A93: =Auteur!$D$2 -> 0 | B93: 13 | C93: 7 | D93: =INDIRECT(Adresses!G78) -> 0 | E93: =INDIRECT(Adresses!H78) -> 0
A94: =Auteur!$D$2 -> 0 | B94: 13 | C94: 8 | D94: =INDIRECT(Adresses!G79) -> 0 | E94: =INDIRECT(Adresses!H79) -> 0
A95: =Auteur!$D$2 -> 0 | B95: 14 | C95: 1 | D95: =INDIRECT(Adresses!G80) -> 0 | E95: =INDIRECT(Adresses!H80) -> 0
A96: =Auteur!$D$2 -> 0 | B96: 14 | C96: 2 | D96: =INDIRECT(Adresses!G81) -> 0 | E96: =INDIRECT(Adresses!H81) -> 0
A97: =Auteur!$D$2 -> 0 | B97: 14 | C97: =Auteur!B155 -> 3 | D97: =INDIRECT(Adresses!G82) -> 0 | E97: =INDIRECT(Adresses!H82) -> 0
A98: =Auteur!$D$2 -> 0 | B98: 14 | C98: =Auteur!B156 -> 4 | D98: =INDIRECT(Adresses!G83) -> 0 | E98: =INDIRECT(Adresses!H83) -> 0
A99: =Auteur!$D$2 -> 0 | B99: 14 | C99: =Auteur!B157 -> 5 | D99: =INDIRECT(Adresses!G84) -> 0 | E99: =INDIRECT(Adresses!H84) -> 0
A100: =Auteur!$D$2 -> 0 | B100: 14 | C100: =Auteur!B158 -> 6 | D100: =INDIRECT(Adresses!G85) -> 0 | E100: =INDIRECT(Adresses!H85) -> 0
A101: =Auteur!$D$2 -> 0 | B101: 14 | C101: =Auteur!B159 -> 7 | D101: =INDIRECT(Adresses!G86) -> 0 | E101: =INDIRECT(Adresses!H86) -> 0
...

Sheet De BD à Auteur
A2: Numéro de Questionnaire | C2: 3 | G2: Géographie
A3: Date de création : | C3: 28 mars 2003 | G3: Société
A4: Auteur(s) : | C4: Martin Sirois | G4: Actualité
A5: Équipe de(s) l’auteur(s) : | C5: Les Incultophobes
A6: Date de la partie :
A7: Équipe A :
A8: Équipe B :
A10: Section A : 1ère individuelle
A12: Série #1 – Individuelle | C12: Thème
A13: Individuelle | C13: Sous-thème | D13: Capitale
A14: Équipe A
A17: 1 | B17: ='Vers BD'!D23 -> 0 | D17: ='Vers BD'!E23 -> 0
A18: 2 | B18: Quelle est la capitale de la Bulgarie? | D18: Sofia
A19: 3 | B19: Quelle est la capitale de l'Alberta? | D19: Edmonton
A20: 4 | B20: Quelle est la capitale de la crevette au Québec? | D20: Matane
A21: Équipe B
A22: 1 | B22: Quelle est la capitale du "poisson des chenaux" au Québec? | D22: Ste-Anne de la Pérade
A23: 2 | B23: Quelle est la capitale de la Colombie-Britannique? | D23: Victoria
A24: 3 | B24: Quelle est la capitale du Mexique? | D24: Mexico
A25: 4 | B25: Quelle est la capitale du Portugal? | D25: Lisbonne
A27: Section B : 1ère collective
A29: Série #2 – Collective | C29: Thème | D29: Cinéma
A30: Réplique : OUI, consultation : NON
A31: 1 | B31: Harrison Ford est un archéologue dans ce film de 1981? | D31: Les aventuriers de l’arche perdue
A32: 2 | B32: Elle devint populaire grâce au rôle de Marry Poppins? | D32: Julie Andrews
A33: 3 | B33: Dans ce film, Marty voyage dans le temps et rencontre son père et sa mère adolescents ? | D33: Back to the future (Retour vers le futur) accepter back to the future I
A34: 4 | B34: De quel film de 1984 est tiré la célèbre phrase « La guerre, la guerre, c'est pas une raison pour se faire mal »? | D34: La Guerre Des Tuques
A35: 5 | B35: Quel est le prénom de le petite sirène de Disney? | D35: Ariel
A37: Série #3 – Collective | C37: Thème | D37: Histoire générale
A38: Réplique : OUI, consultation : NON
A39: 1 | B39: Grande période de la préhistoire durant laquelle, l'homme découvrit l'usage du feu et inventa le langage? | D39: Le paléolithique
A40: 2 | B40: Quel et le nom du chef des Gaulois qui tenta vainement de résister à l'invasion romaine au 1er siècle avant Jésus-Christ ? | D40: Vercingetorix
A41: 3 | B41: À quel siècle Marco Polo entreprit-il son voyage en Asie ? | D41: 13ième siècle
A42: 4 | B42: Quel prix Martin Luther King reçut-il, 4 ans avant de se faire assassiner, à Memphis en 1968? | D42: Prix Nobel de la paix
A43: 5 | B43: De quel traité est tiré cet extrait ? | D43: Le traité de Paris
B44: "…De plus, Sa Majesté Trés Chretienne cede & garantit à Sa dite Majesté Britannique, en toute Proprieté, le Canada avec toutes ses Dependances, ainsi que l'Isle du Cap Breton, & toutes les autres Isles, & Côtes, dans le Golphe & Fleuve S' Laurent, & gener

Sheet Adresses
A1: Liste des références pour la construction des formules
B2: Nom feuille | C2: Auteur
B3: Colonne Thème | C3: D
B4: Colonne sous-Thème | C4: D
B5: Colonne Question | C5: C
B6: colonne réponse | C6: D
A8: Série | B8: Rangée Thèmes | C8: Adresse Thèmes | D8: Rangée Sous-Thèmes | E8: Adresse Sous-Thèmes | F8: Rangée Q1 | G8: Adresse Question 1 | H8: Adresse réponse 1
A9: 1 | B9: 10 | C9: =$C$2&"!"&$C$3&B9 -> Auteur!D10 | D9: =B9+1 -> 11 | E9: =$C$2&"!"&$C$3&D9 -> Auteur!D11 | F9: 14 | G9: =$C$2&"!"&$C$5&F9 -> Auteur!C14 | H9: =$C$2&"!"&$C$6&F9 -> Auteur!D14
A10: 1 | F10: =+F9+1 -> 15 | G10: =$C$2&"!"&$C$5&F10 -> Auteur!C15 | H10: =$C$2&"!"&$C$6&F10 -> Auteur!D15
A11: 1 | F11: =+F10+1 -> 16 | G11: =$C$2&"!"&$C$5&F11 -> Auteur!C16 | H11: =$C$2&"!"&$C$6&F11 -> Auteur!D16
A12: 1 | F12: =+F11+1 -> 17 | G12: =$C$2&"!"&$C$5&F12 -> Auteur!C17 | H12: =$C$2&"!"&$C$6&F12 -> Auteur!D17
A13: 1 | F13: 19 | G13: =$C$2&"!"&$C$5&F13 -> Auteur!C19 | H13: =$C$2&"!"&$C$6&F13 -> Auteur!D19
A14: 1 | F14: =+F13+1 -> 20 | G14: =$C$2&"!"&$C$5&F14 -> Auteur!C20 | H14: =$C$2&"!"&$C$6&F14 -> Auteur!D20
A15: 1 | F15: =+F14+1 -> 21 | G15: =$C$2&"!"&$C$5&F15 -> Auteur!C21 | H15: =$C$2&"!"&$C$6&F15 -> Auteur!D21
A16: 1 | F16: =+F15+1 -> 22 | G16: =$C$2&"!"&$C$5&F16 -> Auteur!C22 | H16: =$C$2&"!"&$C$6&F16 -> Auteur!D22
A17: =A9+1 -> 2 | B17: 24 | C17: =$C$2&"!"&$C$3&B17 -> Auteur!D24 | D17: =B17+1 -> 25 | E17: =$C$2&"!"&$C$3&D17 -> Auteur!D25 | F17: 27 | G17: =$C$2&"!"&$C$5&F17 -> Auteur!C27 | H17: =$C$2&"!"&$C$6&F17 -> Auteur!D27
A18: 2 | F18: =+F17+1 -> 28 | G18: =$C$2&"!"&$C$5&F18 -> Auteur!C28 | H18: =$C$2&"!"&$C$6&F18 -> Auteur!D28
A19: 2 | F19: =+F18+1 -> 29 | G19: =$C$2&"!"&$C$5&F19 -> Auteur!C29 | H19: =$C$2&"!"&$C$6&F19 -> Auteur!D29
A20: 2 | F20: =+F19+1 -> 30 | G20: =$C$2&"!"&$C$5&F20 -> Auteur!C30 | H20: =$C$2&"!"&$C$6&F20 -> Auteur!D30
A21: 2 | F21: =+F20+1 -> 31 | G21: =$C$2&"!"&$C$5&F21 -> Auteur!C31 | H21: =$C$2&"!"&$C$6&F21 -> Auteur!D31
A22: =A17+1 -> 3 | B22: 33 | C22: =$C$2&"!"&$C$3&B22 -> Auteur!D33 | D22: =B22+1 -> 34 | E22: =$C$2&"!"&$C$3&D22 -> Auteur!D34 | F22: 36 | G22: =$C$2&"!"&$C$5&F22 -> Auteur!C36 | H22: =$C$2&"!"&$C$6&F22 -> Auteur!D36
A23: 3 | F23: =+F22+1 -> 37 | G23: =$C$2&"!"&$C$5&F23 -> Auteur!C37 | H23: =$C$2&"!"&$C$6&F23 -> Auteur!D37
A24: 3 | F24: =+F23+1 -> 38 | G24: =$C$2&"!"&$C$5&F24 -> Auteur!C38 | H24: =$C$2&"!"&$C$6&F24 -> Auteur!D38
A25: 3 | F25: =+F24+1 -> 39 | G25: =$C$2&"!"&$C$5&F25 -> Auteur!C39 | H25: =$C$2&"!"&$C$6&F25 -> Auteur!D39
A26: 3 | F26: =+F25+1 -> 40 | G26: =$C$2&"!"&$C$5&F26 -> Auteur!C40 | H26: =$C$2&"!"&$C$6&F26 -> Auteur!D40
A27: =A22+1 -> 4 | B27: 42 | C27: =$C$2&"!"&$C$3&B27 -> Auteur!D42 | D27: =B27+1 -> 43 | E27: =$C$2&"!"&$C$3&D27 -> Auteur!D43 | F27: 45 | G27: =$C$2&"!"&$C$5&F27 -> Auteur!C45 | H27: =$C$2&"!"&$C$6&F27 -> Auteur!D45
A28: 4 | F28: =+F27+1 -> 46 | G28: =$C$2&"!"&$C$5&F28 -> Auteur!C46 | H28: =$C$2&"!"&$C$6&F28 -> Auteur!D46
A29: 4 | F29: =+F28+1 -> 47 | G29: =$C$2&"!"&$C$5&F29 -> Auteur!C47 | H29: =$C$2&"!"&$C$6&F29 -> Auteur!D47
A30: 4 | F30: =+F29+1 -> 48 | G30: =$C$2&"!"&$C$5&F30 -> Auteur!C48 | H30: =$C$2&"!"&$C$6&F30 -> Auteur!D48
A31: 4 | F31: =+F30+1 -> 49 | G31: =$C$2&"!"&$C$5&F31 -> Auteur!C49 | H31: =$C$2&"!"&$C$6&F31 -> Auteur!D49
A32: =A27+1 -> 5 | B32: 51 | C32: =$C$2&"!"&$C$3&B32 -> Auteur!D51 | D32: =B32+1 -> 52 | E32: =$C$2&"!"&$C$3&D32 -> Auteur!D52 | F32: 54 | G32: =$C$2&"!"&$C$5&F32 -> Auteur!C54 | H32: =$C$2&"!"&$C$6&F32 -> Auteur!D54
A33: 5 | F33: =+F32+1 -> 55 | G33: =$C$2&"!"&$C$5&F33 -> Auteur!C55 | H33: =$C$2&"!"&$C$6&F33 -> Auteur!D55
A34: 5 | F34: =+F33+1 -> 56 | G34: =$C$2&"!"&$C$5&F34 -> Auteur!C56 | H34: =$C$2&"!"&$C$6&F34 -> Auteur!D56
A35: 5 | F35: =+F34+1 -> 57 | G35: =$C$2&"!"&$C$5&F35 -> Auteur!C57 | H35: =$C$2&"!"&$C$6&F35 -> Auteur!D57
A36: 5 | F36: =+F35+1 -> 58 | G36: =$C$2&"!"&$C$5&F36 -> Auteur!C58 | H36: =$C$2&"!"&$C$6&F36 -> Auteur!D58
A37: =A32+1 -> 6 | B37: 60 | C37: =$C$2&"!"&$C$3&B37 -> Auteur!D60 | D37: =B37+1 -> 61 | E37: =$C$2&"!"&$C$3&D37 -> Auteur!D61 | F37: 64 | G37: =$C$2&"!"&$C$5&F37 -> Auteur!C64 | H37: =$C$2&"!"&$C$6&F37 -> Auteur!D64
A38: 6 | F38: =+F37+1 -> 65 | G38: =$C$2&"!"&$C$5&F38 -> Auteur!C65 | H38: =$C$2&"!"&$C$6&F38 -> Auteur!D65
A39: 6 | F39: =+F38+1 -> 66 | G39: =$C$2&"!"&$C$5&F39 -> Auteur!C66 | H39: =$C$2&"!"&$C$6&F39 -> Auteur!D66
A40: 6 | F40: =+F39+1 -> 67 | G40: =$C$2&"!"&$C$5&F40 -> Auteur!C67 | H40: =$C$2&"!"&$C$6&F40 -> Auteur!D67
A41: 6 | F41: 68 | G41: =$C$2&"!"&$C$5&F41 -> Auteur!C68 | H41: =$C$2&"!"&$C$6&F41 -> Auteur!D68
A42: 6 | F42: =+F41+1 -> 69 | G42: =$C$2&"!"&$C$5&F42 -> Auteur!C69 | H42: =$C$2&"!"&$C$6&F42 -> Auteur!D69
A43: 6 | F43: =+F42+1 -> 70 | G43: =$C$2&"!"&$C$5&F43 -> Auteur!C70 | H43: =$C$2&"!"&$C$6&F43 -> Auteur!D70
A44: 6 | F44: =+F43+1 -> 71 | G44: =$C$2&"!"&$C$5&F44 -> Auteur!C71 | H44: =$C$2&"!"&$C$6&F44 -> Auteur!D71
A45: =A37+1 -> 7 | B45: 73 | C45: =$C$2&"!"&$C$3&B45 -> Auteur!D73 | D45: =B45+1 -> 74 | E45: =$C$2&"!"&$C$3&D45 -> Auteur!D74 | F45: 76 | G45: =$C$2&"!"&$C$5&F45 -> Auteur!C76 | H45: =$C$2&"!"&$C$6&F45 -> Auteur!D76
A46: 7 | F46: =+F45+1 -> 77 | G46: =$C$2&"!"&$C$5&F46 -> Auteur!C77 | H46: =$C$2&"!"&$C$6&F46 -> Auteur!D77
A47: 7 | F47: =+F46+1 -> 78 | G47: =$C$2&"!"&$C$5&F47 -> Auteur!C78 | H47: =$C$2&"!"&$C$6&F47 -> Auteur!D78
A48: 7 | F48: =+F47+1 -> 79 | G48: =$C$2&"!"&$C$5&F48 -> Auteur!C79 | H48: =$C$2&"!"&$C$6&F48 -> Auteur!D79
A49: 7 | F49: =+F48+1 -> 80 | G49: =$C$2&"!"&$C$5&F49 -> Auteur!C80 | H49: =$C$2&"!"&$C$6&F49 -> Auteur!D80
A50: =A45+1 -> 8 | B50: 82 | C50: =$C$2&"!"&$C$3&B50 -> Auteur!D82 | D50: =B50+1 -> 83 | E50: =$C$2&"!"&$C$3&D50 -> Auteur!D83 | F50: 85 | G50: =$C$2&"!"&$C$5&F50 -> Auteur!C85 | H50: =$C$2&"!"&$C$6&F50 -> Auteur!D85
A51: 8 | F51: =+F50+1 -> 86 | G51: =$C$2&"!"&$C$5&F51 -> Auteur!C86 | H51: =$C$2&"!"&$C$6&F51 -> Auteur!D86
A52: 8 | F52: =+F51+1 -> 87 | G52: =$C$2&"!"&$C$5&F52 -> Auteur!C87 | H52: =$C$2&"!"&$C$6&F52 -> Auteur!D87
A53: 8 | F53: =+F52+1 -> 88 | G53: =$C$2&"!"&$C$5&F53 -> Auteur!C88 | H53: =$C$2&"!"&$C$6&F53 -> Auteur!D88
A54: 8 | F54: =+F53+1 -> 89 | G54: =$C$2&"!"&$C$5&F54 -> Auteur!C89 | H54: =$C$2&"!"&$C$6&F54 -> Auteur!D89
A55: =A50+1 -> 9 | B55: 91 | C55: =$C$2&"!"&$C$3&B55 -> Auteur!D91 | D55: =B55+1 -> 92 | E55: =$C$2&"!"&$C$3&D55 -> Auteur!D92 | F55: 94 | G55: =$C$2&"!"&$C$5&F55 -> Auteur!C94 | H55: =$C$2&"!"&$C$6&F55 -> Auteur!D94
A56: 9 | F56: =+F55+1 -> 95 | G56: =$C$2&"!"&$C$5&F56 -> Auteur!C95 | H56: =$C$2&"!"&$C$6&F56 -> Auteur!D95
A57: 9 | F57: =+F56+1 -> 96 | G57: =$C$2&"!"&$C$5&F57 -> Auteur!C96 | H57: =$C$2&"!"&$C$6&F57 -> Auteur!D96
A58: =A55+1 -> 10 | B58: 98 | C58: =$C$2&"!"&$C$3&B58 -> Auteur!D98 | D58: =B58+1 -> 99 | E58: =$C$2&"!"&$C$3&D58 -> Auteur!D99 | F58: 101 | G58: =$C$2&"!"&$C$5&F58 -> Auteur!C101 | H58: =$C$2&"!"&$C$6&F58 -> Auteur!D101
A59: 10 | F59: =+F58+1 -> 102 | G59: =$C$2&"!"&$C$5&F59 -> Auteur!C102 | H59: =$C$2&"!"&$C$6&F59 -> Auteur!D102
A60: 10 | F60: =+F59+1 -> 103 | G60: =$C$2&"!"&$C$5&F60 -> Auteur!C103 | H60: =$C$2&"!"&$C$6&F60 -> Auteur!D103
A61: 10 | F61: =+F60+1 -> 104 | G61: =$C$2&"!"&$C$5&F61 -> Auteur!C104 | H61: =$C$2&"!"&$C$6&F61 -> Auteur!D104
A62: =A58+1 -> 11 | B62: 106 | C62: =$C$2&"!"&$C$3&B62 -> Auteur!D106 | D62: =B62+1 -> 107 | E62: =$C$2&"!"&$C$3&D62 -> Auteur!D107 | F62: 109 | G62: =$C$2&"!"&$C$5&F62 -> Auteur!C109 | H62: =$C$2&"!"&$C$6&F62 -> Auteur!D109
A63: =A62 -> 11 | F63: =+F62+1 -> 110 | G63: =$C$2&"!"&$C$5&F63 -> Auteur!C110 | H63: =$C$2&"!"&$C$6&F63 -> Auteur!D110
A64: =A62 -> 11 | F64: =+F63+1 -> 111 | G64: =$C$2&"!"&$C$5&F64 -> Auteur!C111 | H64: =$C$2&"!"&$C$6&F64 -> Auteur!D111
A65: =A63 -> 11 | F65: =+F64+1 -> 112 | G65: =$C$2&"!"&$C$5&F65 -> Auteur!C112 | H65: =$C$2&"!"&$C$6&F65 -> Auteur!D112
A66: =A62 -> 11 | F66: =+F65+1 -> 113 | G66: =$C$2&"!"&$C$5&F66 -> Auteur!C113 | H66: =$C$2&"!"&$C$6&F66 -> Auteur!D113
A67: 12 | B67: 115 | C67: =$C$2&"!"&$C$3&B67 -> Auteur!D115 | D67: =B67+1 -> 116 | E67: =$C$2&"!"&$C$3&D67 -> Auteur!D116 | F67: 118 | G67: =$C$2&"!"&$C$5&F67 -> Auteur!C118 | H67: =$C$2&"!"&$C$6&F67 -> Auteur!D118
A68: 12 | F68: =+F67+1 -> 119 | G68: =$C$2&"!"&$C$5&F68 -> Auteur!C119 | H68: =$C$2&"!"&$C$6&F68 -> Auteur!D119
A69: =A62+1 -> 12 | F69: =+F68+1 -> 120 | G69: =$C$2&"!"&$C$5&F69 -> Auteur!C120 | H69: =$C$2&"!"&$C$6&F69 -> Auteur!D120
A70: 12 | F70: =+F69+1 -> 121 | G70: =$C$2&"!"&$C$5&F70 -> Auteur!C121 | H70: =$C$2&"!"&$C$6&F70 -> Auteur!D121
A71: 12 | F71: =+F70+1 -> 122 | G71: =$C$2&"!"&$C$5&F71 -> Auteur!C122 | H71: =$C$2&"!"&$C$6&F71 -> Auteur!D122
A72: 13 | B72: 124 | C72: =$C$2&"!"&$C$3&B72 -> Auteur!D124 | D72: 125 | E72: =$C$2&"!"&$C$3&D72 -> Auteur!D125 | F72: 130 | G72: =$C$2&"!"&$C$5&F72 -> Auteur!C130 | H72: =$C$2&"!"&$C$6&F72 -> Auteur!D130
A73: =A69+1 -> 13 | F73: =F72+1 -> 131 | G73: =$C$2&"!"&$C$5&F73 -> Auteur!C131 | H73: =$C$2&"!"&$C$6&F73 -> Auteur!D131
A74: 13 | F74: =F73+1 -> 132 | G74: =$C$2&"!"&$C$5&F74 -> Auteur!C132 | H74: =$C$2&"!"&$C$6&F74 -> Auteur!D132
A75: 13 | F75: =F74+1 -> 133 | G75: =$C$2&"!"&$C$5&F75 -> Auteur!C133 | H75: =$C$2&"!"&$C$6&F75 -> Auteur!D133
A76: 13 | F76: 141 | G76: =$C$2&"!"&$C$5&F76 -> Auteur!C141 | H76: =$C$2&"!"&$C$6&F76 -> Auteur!D141
A77: 13 | F77: 142 | G77: =$C$2&"!"&$C$5&F77 -> Auteur!C142 | H77: =$C$2&"!"&$C$6&F77 -> Auteur!D142
A78: 13 | F78: 143 | G78: =$C$2&"!"&$C$5&F78 -> Auteur!C143 | H78: =$C$2&"!"&$C$6&F78 -> Auteur!D143
A79: 13 | F79: 144 | G79: =$C$2&"!"&$C$5&F79 -> Auteur!C144 | H79: =$C$2&"!"&$C$6&F79 -> Auteur!D144
A80: 14 | B80: 150 | C80: =$C$2&"!"&$C$3&B80 -> Auteur!D150 | D80: =B80+1 -> 151 | E80: =$C$2&"!"&$C$3&D80 -> Auteur!D151 | F80: 153 | G80: =$C$2&"!"&$C$5&F80 -> Auteur!C153 | H80: =$C$2&"!"&$C$6&F80 -> Auteur!D153
A81: 14 | F81: =+F80+1 -> 154 | G81: =$C$2&"!"&$C$5&F81 -> Auteur!C154 | H81: =$C$2&"!"&$C$6&F81 -> Auteur!D154
A82: 14 | F82: =+F81+1 -> 155 | G82: =$C$2&"!"&$C$5&F82 -> Auteur!C155 | H82: =$C$2&"!"&$C$6&F82 -> Auteur!D155
A83: 14 | F83: =+F82+1 -> 156 | G83: =$C$2&"!"&$C$5&F83 -> Auteur!C156 | H83: =$C$2&"!"&$C$6&F83 -> Auteur!D156
A84: 14 | F84: =+F83+1 -> 157 | G84: =$C$2&"!"&$C$5&F84 -> Auteur!C157 | H84: =$C$2&"!"&$C$6&F84 -> Auteur!D157
A85: 14 | F85: =+F84+1 -> 158 | G85: =$C$2&"!"&$C$5&F85 -> Auteur!C158 | H85: =$C$2&"!"&$C$6&F85 -> Auteur!D158
A86: 14 | F86: =+F85+1 -> 159 | G86: =$C$2&"!"&$C$5&F86 -> Auteur!C159 | H86: =$C$2&"!"&$C$6&F86 -> Auteur!D159
A87: 14 | F87: =+F86+1 -> 160 | G87: =$C$2&"!"&$C$5&F87 -> Auteur!C160 | H87: =$C$2&"!"&$C$6&F87 -> Auteur!D160
A88: 14 | F88: =+F87+1 -> 161 | G88: =$C$2&"!"&$C$5&F88 -> Auteur!C161 | H88: =$C$2&"!"&$C$6&F88 -> Auteur!D161
A89: 14 | F89: =+F88+1 -> 162 | G89: =$C$2&"!"&$C$5&F89 -> Auteur!C162 | H89: =$C$2&"!"&$C$6&F89 -> Auteur!D162
A90: 15 | B90: 164 | C90: =$C$2&"!"&$C$3&B90 -> Auteur!D164 | D90: =B90+1 -> 165 | E90: =$C$2&"!"&$C$3&D90 -> Auteur!D165 | F90: 167 | G90: =$C$2&"!"&$C$5&F90 -> Auteur!C167 | H90: =$C$2&"!"&$C$6&F90 -> Auteur!D167
A91: 16 | B91: 169 | C91: =$C$2&"!"&$C$3&B91 -> Auteur!D169 | D91: =B91+1 -> 170 | E91: =$C$2&"!"&$C$3&D91 -> Auteur!D170 | F91: 172 | G91: =$C$2&"!"&$C$5&F91 -> Auteur!C172 | H91: =$C$2&"!"&$C$6&F91 -> Auteur!D172
F92: 173 | G92: =$C$2&"!"&$C$5&F92 -> Auteur!C173 | H92: =$C$2&"!"&$C$6&F92 -> Auteur!D173
F93: 174 | G93: =$C$2&"!"&$C$5&F93 -> Auteur!C174 | H93: =$C$2&"!"&$C$6&F93 -> Auteur!D174
F94: 175 | G94: =$C$2&"!"&$C$5&F94 -> Auteur!C175 | H94: =$C$2&"!"&$C$6&F94 -> Auteur!D175
F95: 176 | G95: =$C$2&"!"&$C$5&F95 -> Auteur!C176 | H95: =$C$2&"!"&$C$6&F95 -> Auteur!D176
F96: 177 | G96: =$C$2&"!"&$C$5&F96 -> Auteur!C177 | H96: =$C$2&"!"&$C$6&F96 -> Auteur!D177
F97: 178 | G97: =$C$2&"!"&$C$5&F97 -> Auteur!C178 | H97: =$C$2&"!"&$C$6&F97 -> Auteur!D178
